MATRIX TYPE,CATEGORY,METRIC,VALUE,PERCENTAGE,NOTES
Overall Statistics,Total Features,Total Features,148,100%,
Overall Statistics,Total Features,Static Features Completed,100,67.57%,UI/UX Implementation Complete
Overall Statistics,Total Features,Dynamic Features Completed,0,0.00%,Backend Integration Pending
Overall Statistics,Total Features,Fully Tested,0,0.00%,Testing Phase Pending
Overall Statistics,Total Features,In Progress,15,10.14%,Features with UI ready but backend pending
Overall Statistics,Total Features,Planned,33,22.30%,Features not yet started
Overall Statistics,Total Screens,Total Screens,45,100%,
Overall Statistics,Total Screens,Static Screens Completed,45,100%,All screens have UI implementation
Overall Statistics,Total Screens,Dynamic Screens Completed,0,0.00%,Backend integration pending
Overall Statistics,Total Screens,Tested Screens,0,0.00%,Testing phase pending
By Role,Customer,Total Features,90,100%,
By Role,Customer,Static Features Completed,60,66.67%,
By Role,Customer,Dynamic Features Pending,30,33.33%,
By Role,Customer,Total Screens,32,100%,
By Role,Customer,Static Screens Completed,32,100%,
By Role,Customer,Dynamic Screens Completed,0,0.00%,
By Role,Provider,Total Features,50,100%,
By Role,Provider,Static Features Completed,40,80.00%,
By Role,Provider,Dynamic Features Pending,10,20.00%,
By Role,Provider,Total Screens,13,100%,
By Role,Provider,Static Screens Completed,13,100%,
By Role,Provider,Dynamic Screens Completed,0,0.00%,
By Role,Admin,Total Features,8,100%,
By Role,Admin,Static Features Completed,0,0.00%,
By Role,Admin,Dynamic Features Pending,8,100.00%,
By Role,Admin,Total Screens,0,100%,
By Role,Admin,Static Screens Completed,0,0.00%,
By Role,Admin,Dynamic Screens Completed,0,0.00%,
By Module,Authentication,Total Features,16,100%,
By Module,Authentication,Static Features Completed,6,37.50%,
By Module,Authentication,Dynamic Features Pending,10,62.50%,
By Module,Authentication,Total Screens,6,100%,
By Module,Authentication,Static Screens Completed,6,100%,
By Module,Authentication,Completion Ratio,37.50%,
By Module,Home Dashboard,Total Features,10,100%,
By Module,Home Dashboard,Static Features Completed,10,100.00%,
By Module,Home Dashboard,Dynamic Features Pending,0,0.00%,
By Module,Home Dashboard,Total Screens,2,100%,
By Module,Home Dashboard,Static Screens Completed,2,100%,
By Module,Home Dashboard,Completion Ratio,100.00%,
By Module,Event Booking,Total Features,13,100%,
By Module,Event Booking,Static Features Completed,10,76.92%,
By Module,Event Booking,Dynamic Features Pending,3,23.08%,
By Module,Event Booking,Total Screens,9,100%,
By Module,Event Booking,Static Screens Completed,9,100%,
By Module,Event Booking,Completion Ratio,76.92%,
By Module,My Events,Total Features,7,100%,
By Module,My Events,Static Features Completed,5,71.43%,
By Module,My Events,Dynamic Features Pending,2,28.57%,
By Module,My Events,Total Screens,3,100%,
By Module,My Events,Static Screens Completed,3,100%,
By Module,My Events,Completion Ratio,71.43%,
By Module,Reels Gallery,Total Features,9,100%,
By Module,Reels Gallery,Static Features Completed,5,55.56%,
By Module,Reels Gallery,Dynamic Features Pending,4,44.44%,
By Module,Reels Gallery,Total Screens,3,100%,
By Module,Reels Gallery,Static Screens Completed,3,100%,
By Module,Reels Gallery,Completion Ratio,55.56%,
By Module,Discover Feed,Total Features,9,100%,
By Module,Discover Feed,Static Features Completed,7,77.78%,
By Module,Discover Feed,Dynamic Features Pending,2,22.22%,
By Module,Discover Feed,Total Screens,2,100%,
By Module,Discover Feed,Static Screens Completed,2,100%,
By Module,Discover Feed,Completion Ratio,77.78%,
By Module,Referral & Wallet,Total Features,9,100%,
By Module,Referral & Wallet,Static Features Completed,6,66.67%,
By Module,Referral & Wallet,Dynamic Features Pending,3,33.33%,
By Module,Referral & Wallet,Total Screens,4,100%,
By Module,Referral & Wallet,Static Screens Completed,4,100%,
By Module,Referral & Wallet,Completion Ratio,66.67%,
By Module,Profile,Total Features,9,100%,
By Module,Profile,Static Features Completed,9,100.00%,
By Module,Profile,Dynamic Features Pending,0,0.00%,
By Module,Profile,Total Screens,6,100%,
By Module,Profile,Static Screens Completed,6,100%,
By Module,Profile,Completion Ratio,100.00%,
By Module,Notifications,Total Features,8,100%,
By Module,Notifications,Static Features Completed,2,25.00%,
By Module,Notifications,Dynamic Features Pending,6,75.00%,
By Module,Notifications,Total Screens,1,100%,
By Module,Notifications,Static Screens Completed,1,100%,
By Module,Notifications,Completion Ratio,25.00%,
By Module,Provider Dashboard,Total Features,6,100%,
By Module,Provider Dashboard,Static Features Completed,6,100.00%,
By Module,Provider Dashboard,Dynamic Features Pending,0,0.00%,
By Module,Provider Dashboard,Total Screens,1,100%,
By Module,Provider Dashboard,Static Screens Completed,1,100%,
By Module,Provider Dashboard,Completion Ratio,100.00%,
By Module,Booking Management,Total Features,10,100%,
By Module,Booking Management,Static Features Completed,10,100.00%,
By Module,Booking Management,Dynamic Features Pending,0,0.00%,
By Module,Booking Management,Total Screens,1,100%,
By Module,Booking Management,Static Screens Completed,1,100%,
By Module,Booking Management,Completion Ratio,100.00%,
By Module,Live Event Mode,Total Features,9,100%,
By Module,Live Event Mode,Static Features Completed,9,100.00%,
By Module,Live Event Mode,Dynamic Features Pending,0,0.00%,
By Module,Live Event Mode,Total Screens,1,100%,
By Module,Live Event Mode,Static Screens Completed,1,100%,
By Module,Live Event Mode,Completion Ratio,100.00%,
By Module,Reel Editor,Total Features,9,100%,
By Module,Reel Editor,Static Features Completed,9,100.00%,
By Module,Reel Editor,Dynamic Features Pending,0,0.00%,
By Module,Reel Editor,Total Screens,1,100%,
By Module,Reel Editor,Static Screens Completed,1,100%,
By Module,Reel Editor,Completion Ratio,100.00%,
By Module,Provider Earnings,Total Features,9,100%,
By Module,Provider Earnings,Static Features Completed,9,100.00%,
By Module,Provider Earnings,Dynamic Features Pending,0,0.00%,
By Module,Provider Earnings,Total Screens,1,100%,
By Module,Provider Earnings,Static Screens Completed,1,100%,
By Module,Provider Earnings,Completion Ratio,100.00%,
By Module,Upload Footage,Total Features,7,100%,
By Module,Upload Footage,Static Features Completed,7,100.00%,
By Module,Upload Footage,Dynamic Features Pending,0,0.00%,
By Module,Upload Footage,Total Screens,1,100%,
By Module,Upload Footage,Static Screens Completed,1,100%,
By Module,Upload Footage,Completion Ratio,100.00%,
By Module,Admin Dashboard,Total Features,8,100%,
By Module,Admin Dashboard,Static Features Completed,0,0.00%,
By Module,Admin Dashboard,Dynamic Features Pending,8,100.00%,
By Module,Admin Dashboard,Total Screens,0,100%,
By Module,Admin Dashboard,Static Screens Completed,0,0.00%,
By Module,Admin Dashboard,Completion Ratio,0.00%,
By Priority,P0 - Critical,Total Features,85,100%,
By Priority,P0 - Critical,Static Features Completed,70,82.35%,
By Priority,P0 - Critical,Dynamic Features Pending,15,17.65%,
By Priority,P0 - Critical,Completion Ratio,82.35%,
By Priority,P1 - High,Total Features,48,100%,
By Priority,P1 - High,Static Features Completed,25,52.08%,
By Priority,P1 - High,Dynamic Features Pending,23,47.92%,
By Priority,P1 - High,Completion Ratio,52.08%,
By Priority,P2 - Medium,Total Features,10,100%,
By Priority,P2 - Medium,Static Features Completed,5,50.00%,
By Priority,P2 - Medium,Dynamic Features Pending,5,50.00%,
By Priority,P2 - Medium,Completion Ratio,50.00%,
By Priority,P3 - Low,Total Features,5,100%,
By Priority,P3 - Low,Static Features Completed,0,0.00%,
By Priority,P3 - Low,Dynamic Features Pending,5,100.00%,
By Priority,P3 - Low,Completion Ratio,0.00%,
By Timeline,Q2 2026,Total Features,48,100%,
By Timeline,Q2 2026,Static Features Completed,15,31.25%,
By Timeline,Q2 2026,Dynamic Features Pending,33,68.75%,
By Timeline,Q2 2026,Target Completion,100%,
By Timeline,Q3 2026,Total Features,15,100%,
By Timeline,Q3 2026,Static Features Completed,0,0.00%,
By Timeline,Q3 2026,Dynamic Features Pending,15,100.00%,
By Timeline,Q3 2026,Target Completion,100%,
By Timeline,Q4 2026,Total Features,8,100%,
By Timeline,Q4 2026,Static Features Completed,0,0.00%,
By Timeline,Q4 2026,Dynamic Features Pending,8,100.00%,
By Timeline,Q4 2026,Target Completion,100%,
By Timeline,No Timeline,Total Features,77,100%,
By Timeline,No Timeline,Static Features Completed,85,110.39%,Completed ahead of schedule
By Timeline,No Timeline,Dynamic Features Pending,0,0.00%,
By Timeline,No Timeline,Target Completion,N/A,
Feature Type Ratio,Static vs Dynamic,Static Features,100,67.57%,
Feature Type Ratio,Static vs Dynamic,Dynamic Features,48,32.43%,
Feature Type Ratio,Static vs Dynamic,Total Features,148,100%,
Feature Type Ratio,Static vs Dynamic,Static to Dynamic Ratio,2.08:1,Static features are 2x dynamic features,
Screen Type Ratio,Static vs Dynamic,Static Screens,45,100%,
Screen Type Ratio,Static vs Dynamic,Dynamic Screens,0,0.00%,
Screen Type Ratio,Static vs Dynamic,Total Screens,45,100%,
Screen Type Ratio,Static vs Dynamic,Screen Completion Rate,100%,All screens have UI implementation,
Completion Status,Overall,Completed,100,67.57%,
Completion Status,Overall,In Progress,15,10.14%,
Completion Status,Overall,Planned,33,22.30%,
Completion Status,Overall,Total,148,100%,
Completion Status,By Feature Type,Static Completed,100,100%,
Completion Status,By Feature Type,Static Pending,0,0%,
Completion Status,By Feature Type,Dynamic Completed,0,0%,
Completion Status,By Feature Type,Dynamic Pending,48,100%,
Completion Status,By Feature Type,Tested Completed,0,0%,
Completion Status,By Feature Type,Tested Pending,148,100%,
Effort Distribution,Small (S),Total Features,35,100%,
Effort Distribution,Small (S),Static Completed,30,85.71%,
Effort Distribution,Small (S),Dynamic Pending,5,14.29%,
Effort Distribution,Medium (M),Total Features,75,100%,
Effort Distribution,Medium (M),Static Completed,50,66.67%,
Effort Distribution,Medium (M),Dynamic Pending,25,33.33%,
Effort Distribution,Large (L),Total Features,38,100%,
Effort Distribution,Large (L),Static Completed,20,52.63%,
Effort Distribution,Large (L),Dynamic Pending,18,47.37%,
Effort Distribution,Extra Large (XL),Total Features,0,100%,
Effort Distribution,Extra Large (XL),Static Completed,0,0.00%,
Effort Distribution,Extra Large (XL),Dynamic Pending,0,0.00%,
Customer App Modules,Authentication,Features,16,100%,
Customer App Modules,Authentication,Static Complete,6,37.50%,
Customer App Modules,Home Dashboard,Features,10,100%,
Customer App Modules,Home Dashboard,Static Complete,10,100.00%,
Customer App Modules,Event Booking,Features,13,100%,
Customer App Modules,Event Booking,Static Complete,10,76.92%,
Customer App Modules,My Events,Features,7,100%,
Customer App Modules,My Events,Static Complete,5,71.43%,
Customer App Modules,Reels Gallery,Features,9,100%,
Customer App Modules,Reels Gallery,Static Complete,5,55.56%,
Customer App Modules,Discover Feed,Features,9,100%,
Customer App Modules,Discover Feed,Static Complete,7,77.78%,
Customer App Modules,Referral & Wallet,Features,9,100%,
Customer App Modules,Referral & Wallet,Static Complete,6,66.67%,
Customer App Modules,Profile,Features,9,100%,
Customer App Modules,Profile,Static Complete,9,100.00%,
Customer App Modules,Notifications,Features,8,100%,
Customer App Modules,Notifications,Static Complete,2,25.00%,
Provider App Modules,Provider Dashboard,Features,6,100%,
Provider App Modules,Provider Dashboard,Static Complete,6,100.00%,
Provider App Modules,Booking Management,Features,10,100%,
Provider App Modules,Booking Management,Static Complete,10,100.00%,
Provider App Modules,Live Event Mode,Features,9,100%,
Provider App Modules,Live Event Mode,Static Complete,9,100.00%,
Provider App Modules,Reel Editor,Features,9,100%,
Provider App Modules,Reel Editor,Static Complete,9,100.00%,
Provider App Modules,Provider Earnings,Features,9,100%,
Provider App Modules,Provider Earnings,Static Complete,9,100.00%,
Provider App Modules,Upload Footage,Features,7,100%,
Provider App Modules,Upload Footage,Static Complete,7,100.00%,
Key Metrics,Static Feature Completion,Overall,100,67.57%,
Key Metrics,Static Feature Completion,Customer,60,66.67%,
Key Metrics,Static Feature Completion,Provider,40,80.00%,
Key Metrics,Static Feature Completion,Admin,0,0.00%,
Key Metrics,Screen Completion,Overall,45,100%,
Key Metrics,Screen Completion,Customer,32,100%,
Key Metrics,Screen Completion,Provider,13,100%,
Key Metrics,Screen Completion,Admin,0,0.00%,
Key Metrics,Dynamic Feature Pending,Overall,48,32.43%,
Key Metrics,Dynamic Feature Pending,Customer,30,33.33%,
Key Metrics,Dynamic Feature Pending,Provider,10,20.00%,
Key Metrics,Dynamic Feature Pending,Admin,8,100.00%,
Key Metrics,Testing Status,Overall,0,0.00%,
Key Metrics,Testing Status,Customer,0,0.00%,
Key Metrics,Testing Status,Provider,0,0.00%,
Key Metrics,Testing Status,Admin,0,0.00%,
Next Phase Focus,Q2 2026,Backend Integration,48,100%,
Next Phase Focus,Q2 2026,Firebase Setup,1,100%,
Next Phase Focus,Q2 2026,Payment Gateway,1,100%,
Next Phase Focus,Q2 2026,Push Notifications,1,100%,
Next Phase Focus,Q2 2026,Video Upload,1,100%,
Next Phase Focus,Q2 2026,Real-time Features,5,100%,
Next Phase Focus,Q2 2026,Testing Framework,1,100%,
Velocity Metrics,Features per Week,Current Velocity,10,Average,
Velocity Metrics,Features per Week,Target Velocity,12,Target,
Velocity Metrics,Features per Week,Static Features,100,Completed,
Velocity Metrics,Features per Week,Dynamic Features,0,Completed,
Velocity Metrics,Features per Week,Remaining Work,48,Features,
Velocity Metrics,Estimated Completion,Q2 2026,48,Features,
Velocity Metrics,Estimated Completion,Q3 2026,15,Features,
Velocity Metrics,Estimated Completion,Q4 2026,8,Features,
Quality Metrics,Code Quality,Production Ready,Yes,100%,
Quality Metrics,Code Quality,Linter Errors,0,0%,
Quality Metrics,Code Quality,Test Coverage,0,0%,
Quality Metrics,Code Quality,Documentation,Complete,100%,
Quality Metrics,Architecture,Clean Architecture,Yes,100%,
Quality Metrics,Architecture,Type Safety,Yes,100%,
Quality Metrics,Architecture,Null Safety,Yes,100%,
Quality Metrics,Architecture,Responsive Design,Yes,100%,

